{"cameraMode":{"drawMode":0,"name":"Shaded","section":"Shading Mode"},"sceneLighting":true,"audioPlay":false,"sceneViewState":{"showFog":true,"showMaterialUpdate":false,"showSkybox":true,"showFlares":true,"showImageEffects":true,"showParticleSystems":true},"in2DMode":false,"pivot":{"x":38.4229621887207,"y":52.74448776245117,"z":-20.3680419921875},"rotation":{"x":-0.3620733916759491,"y":0.4268511235713959,"z":-0.19170159101486207,"w":-0.8062271475791931},"size":33.92953872680664,"orthographic":true}