{"cameraMode":{"drawMode":0,"name":"Shaded","section":"Shading Mode"},"sceneLighting":false,"audioPlay":false,"sceneViewState":{"showFog":true,"showMaterialUpdate":false,"showSkybox":false,"showFlares":true,"showImageEffects":true,"showParticleSystems":true},"in2DMode":false,"pivot":{"x":-1.1100000143051148,"y":1.1366996765136719,"z":-2.763782262802124},"rotation":{"x":0.06437014788389206,"y":-0.9277457594871521,"z":0.1896122694015503,"w":0.3149734437465668},"size":1.9483264684677125,"orthographic":true}