{"cameraMode":{"drawMode":0,"name":"Shaded","section":"Shading Mode"},"sceneLighting":false,"audioPlay":false,"sceneViewState":{"showFog":true,"showMaterialUpdate":false,"showSkybox":false,"showFlares":true,"showImageEffects":true,"showParticleSystems":true},"in2DMode":false,"pivot":{"x":-1.8617324829101563,"y":0.8148579001426697,"z":-4.497177600860596},"rotation":{"x":-0.10336518287658692,"y":-0.8763293623924255,"z":0.4174967110157013,"w":-0.216969296336174},"size":0.9911981821060181,"orthographic":true}