{"cameraMode":{"drawMode":0,"name":"Shaded","section":"Shading Mode"},"sceneLighting":false,"audioPlay":false,"sceneViewState":{"showFog":true,"showMaterialUpdate":false,"showSkybox":false,"showFlares":true,"showImageEffects":true,"showParticleSystems":true},"in2DMode":false,"pivot":{"x":0.868621826171875,"y":1.010223388671875,"z":-2.51220703125},"rotation":{"x":0.06692588329315186,"y":-0.9287843704223633,"z":0.20730744302272798,"w":0.299866259098053},"size":1.846484661102295,"orthographic":true}