{"cameraMode":{"drawMode":0,"name":"Shaded","section":"Shading Mode"},"sceneLighting":false,"audioPlay":false,"sceneViewState":{"showFog":true,"showMaterialUpdate":false,"showSkybox":false,"showFlares":true,"showImageEffects":true,"showParticleSystems":true},"in2DMode":false,"pivot":{"x":14.340176582336426,"y":3.138946533203125,"z":-2.499436616897583},"rotation":{"x":0.0878991037607193,"y":-0.7256014943122864,"z":0.09435128420591355,"w":0.6759342551231384},"size":4.516653537750244,"orthographic":true}