{"cameraMode":{"drawMode":0,"name":"Shaded","section":"Shading Mode"},"sceneLighting":false,"audioPlay":false,"sceneViewState":{"showFog":true,"showMaterialUpdate":false,"showSkybox":false,"showFlares":true,"showImageEffects":true,"showParticleSystems":true},"in2DMode":false,"pivot":{"x":-1.897727370262146,"y":1.2191414833068848,"z":-4.579108238220215},"rotation":{"x":-0.17817342281341554,"y":0.2981930077075958,"z":-0.05676107481122017,"w":-0.9360196590423584},"size":3.163259983062744,"orthographic":true}