{"cameraMode":{"drawMode":0,"name":"Shaded","section":"Shading Mode"},"sceneLighting":false,"audioPlay":false,"sceneViewState":{"showFog":true,"showMaterialUpdate":false,"showSkybox":false,"showFlares":true,"showImageEffects":true,"showParticleSystems":true},"in2DMode":false,"pivot":{"x":-1.4370744228363038,"y":0.5180000066757202,"z":12.542682647705079},"rotation":{"x":-0.03151804581284523,"y":-0.9683657288551331,"z":0.18282562494277955,"w":-0.16693061590194703},"size":2.861699342727661,"orthographic":true}