{"cameraMode":{"drawMode":0,"name":"Shaded","section":"Shading Mode"},"sceneLighting":false,"audioPlay":false,"sceneViewState":{"showFog":true,"showMaterialUpdate":false,"showSkybox":false,"showFlares":true,"showImageEffects":true,"showParticleSystems":true},"in2DMode":false,"pivot":{"x":-2.959136724472046,"y":0.0,"z":-2.2706384658813478},"rotation":{"x":0.07767778635025025,"y":-0.7974076867103577,"z":0.10514694452285767,"w":0.5891234874725342},"size":0.43692058324813845,"orthographic":true}