{"cameraMode":{"drawMode":0,"name":"Shaded","section":"Shading Mode"},"sceneLighting":false,"audioPlay":false,"sceneViewState":{"showFog":true,"showMaterialUpdate":false,"showSkybox":false,"showFlares":true,"showImageEffects":true,"showParticleSystems":true},"in2DMode":false,"pivot":{"x":16.954490661621095,"y":30.90999984741211,"z":-18.910545349121095},"rotation":{"x":0.12020154297351837,"y":-0.5040009617805481,"z":0.07107958197593689,"w":0.8523499965667725},"size":2.686539649963379,"orthographic":true}