{"cameraMode":{"drawMode":0,"name":"Shaded","section":"Shading Mode"},"sceneLighting":false,"audioPlay":false,"sceneViewState":{"showFog":true,"showMaterialUpdate":false,"showSkybox":false,"showFlares":true,"showImageEffects":true,"showParticleSystems":true},"in2DMode":false,"pivot":{"x":5.852031707763672,"y":5.751175880432129,"z":-0.44622373580932619},"rotation":{"x":0.2700483202934265,"y":-0.23945419490337373,"z":0.0695367082953453,"w":0.9300084710121155},"size":77.31128692626953,"orthographic":true}