{"cameraMode":{"drawMode":0,"name":"Shaded","section":"Shading Mode"},"sceneLighting":false,"audioPlay":false,"sceneViewState":{"showFog":true,"showMaterialUpdate":false,"showSkybox":false,"showFlares":true,"showImageEffects":true,"showParticleSystems":true},"in2DMode":false,"pivot":{"x":-0.04499983787536621,"y":0.19169974327087403,"z":7.1312174797058109},"rotation":{"x":0.10023093968629837,"y":0.8811212778091431,"z":-0.40848246216773989,"w":0.2161971777677536},"size":56.134517669677737,"orthographic":true}